<?xml version="1.0" standalone="yes"?>
<mi:PackageInstaller xmlns:mi="http://www.composite.net/ns/management/packageinstaller/1.0">
	<mi:PackageRequirements minimumCompositeVersion="3.2.4484.0" maximumCompositeVersion="9.9999.9999.9999" />
	<mi:PackageInformation name="Composite.Media.ImageCrop" groupName="Composite.Media" version="1.0.4" author="Composite A/S" website="http://www.composite.net" readMoreUrl="http://docs.composite.net/Composite.Media.ImageCrop" id="307927b4-600b-45d9-a61a-437d4ffe9ebf" canBeUninstalled="true" systemLocking="none" flushOnCompletion="false">
		<Description>Adds a "crop" action to images in media archive.</Description>
		<TechnicalDetails>Adds a "crop" action to images in the media archive.</TechnicalDetails>
	</mi:PackageInformation>
	<mi:PackageFragmentInstallerBinaries>
		<mi:Add path="~\Bin\Composite.Media.ImageCrop.dll" />
	</mi:PackageFragmentInstallerBinaries>
	<mi:PackageFragmentInstallers>
    <mi:Add installerType="Composite.Core.PackageSystem.PackageFragmentInstallers.PackageLicenseFragmentInstaller, Composite" uninstallerType="Composite.Core.PackageSystem.PackageFragmentInstallers.PackageLicenseFragmentUninstaller, Composite">
      <RSAKeyValue>
        <Modulus>uAbSvVwlt2Z1oCbKIFy8aqx4Lh+MTB4af2w3OvoB6f5tKxepwnNTXMGmK1Rn853VPzZ0gEckzTQQKh+9qdyoZSe/4ifEAXQZehNbpEniojqWL6qvK203mUV3isdMwW401F2OC+NQxZMBh0yFPNzi8HWClPyr4xkIszpRovjPpUk=</Modulus>
        <Exponent>AQAB</Exponent>
      </RSAKeyValue>
    </mi:Add>
    <mi:Add installerType="Composite.Core.PackageSystem.PackageFragmentInstallers.ConfigurationTransformationPackageFragmentInstaller, Composite" uninstallerType="Composite.Core.PackageSystem.PackageFragmentInstallers.ConfigurationTransformationPackageFragmentUninstaller, Composite">
			<Install xsltFilePath="~\Config\Install.xsl" />
			<Uninstall xsltFilePath="~\Config\Uninstall.xsl" />
		</mi:Add>
		<mi:Add installerType="Composite.Core.PackageSystem.PackageFragmentInstallers.FilePackageFragmentInstaller, Composite" uninstallerType="Composite.Core.PackageSystem.PackageFragmentInstallers.FilePackageFragmentUninstaller, Composite">
			<Files>
				<File sourceFilename="~\Bin\Composite.Media.ImageCrop.dll" targetFilename="~\Bin\Composite.Media.ImageCrop.dll" allowOverwrite="false" />
				<File sourceFilename="~\Composite\InstalledPackages\content\forms\Composite.Media.ImageCrop\ImageCrop.xml" targetFilename="~\Composite\InstalledPackages\content\forms\Composite.Media.ImageCrop\ImageCrop.xml" allowOverwrite="false" />
				<File sourceFilename="~\Composite\InstalledPackages\controls\FormsControls\Composite.Media.ImageCrop\ImageCrop.ascx" targetFilename="~\Composite\InstalledPackages\controls\FormsControls\Composite.Media.ImageCrop\ImageCrop.ascx" allowOverwrite="false" />
				<File sourceFilename="~\Composite\InstalledPackages\controls\FormsControls\Composite.Media.ImageCrop\ImageCrop.css" targetFilename="~\Composite\InstalledPackages\controls\FormsControls\Composite.Media.ImageCrop\ImageCrop.css" allowOverwrite="false" />
				<File sourceFilename="~\Composite\InstalledPackages\controls\FormsControls\Composite.Media.ImageCrop\ImageCrop.js" targetFilename="~\Composite\InstalledPackages\controls\FormsControls\Composite.Media.ImageCrop\ImageCrop.js" allowOverwrite="false" />
				<File sourceFilename="~\Composite\InstalledPackages\localization\Composite.Media.ImageCrop.en-us.xml" targetFilename="~\Composite\InstalledPackages\localization\Composite.Media.ImageCrop.en-us.xml" allowOverwrite="false" />
				<File sourceFilename="~\App_Data\Composite\Configuration\Composite.Media.ImageCrop.xml" targetFilename="~\App_Data\Composite\Configuration\Composite.Media.ImageCrop.xml" allowOverwrite="false" />
			</Files>
			<Directories />
		</mi:Add>
		<mi:Add installerType="Composite.Core.PackageSystem.PackageFragmentInstallers.DataPackageFragmentInstaller, Composite" uninstallerType="Composite.Core.PackageSystem.PackageFragmentInstallers.DataPackageFragmentUninstaller, Composite">
			<Types />
		</mi:Add>
	</mi:PackageFragmentInstallers>
</mi:PackageInstaller>