﻿<?xml version="1.0" encoding="utf-8"?>
<mi:PackageInstaller xmlns:mi="http://www.composite.net/ns/management/packageinstaller/1.0">
	<mi:PackageRequirements minimumCompositeVersion="3.2.0.0" maximumCompositeVersion="3.2.4813.16820">
	</mi:PackageRequirements>

	<mi:PackageInformation name="Composite C1 3.2 Patch 4" groupName="Composite.Updates" version="1.0.0" author="Composite A/S" readMoreUrl="http://community.composite.net/Blog/2013/03/06/Get-IE10-support-with-Patch-4" website="www.composite.net" id="748d5e13-8605-4118-a336-4bf63b70966a" canBeUninstalled="false" systemLocking="hard" assemblyLoad="true" flushOnCompletion="false" reloadConsoleOnCompletion="true">
		<Description>This package will upgrade your Composite C1 installation to v3.2 Patch 4. Installing this package will end support for IE7 and IE8. Since the base 3.2 release this patch will introduce IE10 support, fix a Chrome layout issue, add support for .NET 4.5 and fix minor bugs.</Description>
		<TechnicalDetails>We recommend you make a backup of your website before installing this update. This package contain all previous patches for 3.2.</TechnicalDetails>
	</mi:PackageInformation>

	<mi:PackageFragmentInstallerBinaries>
		<mi:Add path="~/UpgradePackage.dll" />
		<mi:Add path="~/UpgradeFragmentInstallers.dll" />
	</mi:PackageFragmentInstallerBinaries>

	<mi:PackageFragmentInstallers>
		<!-- Patch Package Builder inserted fragment installers start -->
		<mi:Add installerType="Composite.Core.PackageSystem.PackageFragmentInstallers.FilePackageFragmentInstaller, Composite" uninstallerType="Composite.Core.PackageSystem.PackageFragmentInstallers.FilePackageFragmentUninstaller, Composite"><Files>
      <File sourceFilename="~\Bin\Composite.dll" targetFilename="~\Bin\Composite.dll" allowOverwrite="true" />
      <File sourceFilename="~\Bin\Composite.Workflows.dll" targetFilename="~\Bin\Composite.Workflows.dll" allowOverwrite="true" />
      <File sourceFilename="~\Bin\Composite.xml" targetFilename="~\Bin\Composite.xml" allowOverwrite="true" />
      <File sourceFilename="~\Bin\ICSharpCode.SharpZipLib.dll" targetFilename="~\Bin\ICSharpCode.SharpZipLib.dll" allowOverwrite="true" />
      <File sourceFilename="~\Bin\TidyNet.dll" targetFilename="~\Bin\TidyNet.dll" allowOverwrite="true" />
      <File sourceFilename="~\Composite\CompileScripts.xml" targetFilename="~\Composite\CompileScripts.xml" allowOverwrite="true" />
      <File sourceFilename="~\Composite\top.aspx" targetFilename="~\Composite\top.aspx" allowOverwrite="true" />
      <File sourceFilename="~\Composite\top.css" targetFilename="~\Composite\top.css" allowOverwrite="true" />
      <File sourceFilename="~\Composite\unsupported.aspx" targetFilename="~\Composite\unsupported.aspx" allowOverwrite="true" />
      <File sourceFilename="~\Composite\unsupported.css" targetFilename="~\Composite\unsupported.css" allowOverwrite="true" />
      <File sourceFilename="~\Composite\updated.aspx" targetFilename="~\Composite\updated.aspx" allowOverwrite="true" />
      <File sourceFilename="~\Composite\web.config" targetFilename="~\Composite\web.config" allowOverwrite="true" />
      <File sourceFilename="~\Composite\welcome.css" targetFilename="~\Composite\welcome.css" allowOverwrite="true" />
      <File sourceFilename="~\Composite\Welcome.js" targetFilename="~\Composite\Welcome.js" allowOverwrite="true" />
      <File sourceFilename="~\Composite\welcome.xsl" targetFilename="~\Composite\welcome.xsl" allowOverwrite="true" />
      <File sourceFilename="~\Composite\content\dialogs\about\About.js" targetFilename="~\Composite\content\dialogs\about\About.js" allowOverwrite="true" />
      <File sourceFilename="~\Composite\content\dialogs\functions\editFunctionCall.aspx.cs" targetFilename="~\Composite\content\dialogs\functions\editFunctionCall.aspx.cs" allowOverwrite="true" />
      <File sourceFilename="~\Composite\content\flow\FlowUi.aspx.cs" targetFilename="~\Composite\content\flow\FlowUi.aspx.cs" allowOverwrite="true" />
      <File sourceFilename="~\Composite\content\misc\editors\codemirroreditor\bindings\SourceEditorPageBinding.js" targetFilename="~\Composite\content\misc\editors\codemirroreditor\bindings\SourceEditorPageBinding.js" allowOverwrite="true" />
      <File sourceFilename="~\Composite\content\misc\editors\visualeditor\visualeditor.css" targetFilename="~\Composite\content\misc\editors\visualeditor\visualeditor.css" allowOverwrite="true" />
      <File sourceFilename="~\Composite\content\misc\editors\visualeditor\visualeditor.js" targetFilename="~\Composite\content\misc\editors\visualeditor\visualeditor.js" allowOverwrite="true" />
      <File sourceFilename="~\Composite\content\misc\editors\visualeditor\bindings\ClassNameSelectorBinding.js" targetFilename="~\Composite\content\misc\editors\visualeditor\bindings\ClassNameSelectorBinding.js" allowOverwrite="true" />
      <File sourceFilename="~\Composite\content\misc\editors\visualeditor\bindings\FormatSelectorBinding.js" targetFilename="~\Composite\content\misc\editors\visualeditor\bindings\FormatSelectorBinding.js" allowOverwrite="true" />
      <File sourceFilename="~\Composite\content\misc\editors\visualeditor\bindings\VisualEditorStatusBarBinding.js" targetFilename="~\Composite\content\misc\editors\visualeditor\bindings\VisualEditorStatusBarBinding.js" allowOverwrite="true" />
      <File sourceFilename="~\Composite\content\misc\editors\visualeditor\tiny_mce\plugins\compositeimage\editor_plugin.js" targetFilename="~\Composite\content\misc\editors\visualeditor\tiny_mce\plugins\compositeimage\editor_plugin.js" allowOverwrite="true" />
      <File sourceFilename="~\Composite\content\misc\editors\visualeditor\tiny_mce\plugins\wordcount\editor_plugin.js" targetFilename="~\Composite\content\misc\editors\visualeditor\tiny_mce\plugins\wordcount\editor_plugin.js" allowOverwrite="true" />
      <File sourceFilename="~\Composite\content\misc\editors\visualeditor\tiny_mce\plugins\wordcount\editor_plugin_src.js" targetFilename="~\Composite\content\misc\editors\visualeditor\tiny_mce\plugins\wordcount\editor_plugin_src.js" allowOverwrite="true" />
      <File sourceFilename="~\Composite\content\misc\editors\visualeditor\tiny_mce\themes\composite\editor_template.js" targetFilename="~\Composite\content\misc\editors\visualeditor\tiny_mce\themes\composite\editor_template.js" allowOverwrite="true" />
      <File sourceFilename="~\Composite\content\views\editors\imageeditor\bindings\ImageToolBoxBinding.js" targetFilename="~\Composite\content\views\editors\imageeditor\bindings\ImageToolBoxBinding.js" allowOverwrite="true" />
      <File sourceFilename="~\Composite\controls\FormsControls\FormUiControlTemplates\Containers\FieldGroup.ascx" targetFilename="~\Composite\controls\FormsControls\FormUiControlTemplates\Containers\FieldGroup.ascx" allowOverwrite="true" />
      <File sourceFilename="~\Composite\controls\FormsControls\FormUiControlTemplates\DeveloperTools\FunctionParameterEditor.aspx" targetFilename="~\Composite\controls\FormsControls\FormUiControlTemplates\DeveloperTools\FunctionParameterEditor.aspx" allowOverwrite="true" />
      <File sourceFilename="~\Composite\controls\FormsControls\FormUiControlTemplates\DeveloperTools\FunctionParameterEditor.aspx.cs" targetFilename="~\Composite\controls\FormsControls\FormUiControlTemplates\DeveloperTools\FunctionParameterEditor.aspx.cs" allowOverwrite="true" />
      <File sourceFilename="~\Composite\controls\FormsControls\FormUiControlTemplates\DeveloperTools\TypeFieldDesigner.ascx" targetFilename="~\Composite\controls\FormsControls\FormUiControlTemplates\DeveloperTools\TypeFieldDesigner.ascx" allowOverwrite="true" />
      <File sourceFilename="~\Composite\controls\FormsControls\FormUiControlTemplates\DeveloperTools\TypeFieldDesigner.ascx.cs" targetFilename="~\Composite\controls\FormsControls\FormUiControlTemplates\DeveloperTools\TypeFieldDesigner.ascx.cs" allowOverwrite="true" />
      <File sourceFilename="~\Composite\scripts\compressed\sub.js" targetFilename="~\Composite\scripts\compressed\sub.js" allowOverwrite="true" />
      <File sourceFilename="~\Composite\scripts\compressed\top.js" targetFilename="~\Composite\scripts\compressed\top.js" allowOverwrite="true" />
      <File sourceFilename="~\Composite\scripts\compressed\toplevelclassnames.js" targetFilename="~\Composite\scripts\compressed\toplevelclassnames.js" allowOverwrite="true" />
      <File sourceFilename="~\Composite\skins\skin_compiled.css" targetFilename="~\Composite\skins\skin_compiled.css" allowOverwrite="true" />
      <File sourceFilename="~\Composite\skins\system\buttons.css" targetFilename="~\Composite\skins\system\buttons.css" allowOverwrite="true" />
      <File sourceFilename="~\Composite\skins\system\explorer.css" targetFilename="~\Composite\skins\system\explorer.css" allowOverwrite="true" />
      <File sourceFilename="~\Composite\skins\system\tabboxes.css" targetFilename="~\Composite\skins\system\tabboxes.css" allowOverwrite="true" />
      <File sourceFilename="~\Composite\styles\styles_compiled.css" targetFilename="~\Composite\styles\styles_compiled.css" allowOverwrite="true" />
      <File sourceFilename="~\Composite\styles\default\base.css" targetFilename="~\Composite\styles\default\base.css" allowOverwrite="true" />
      <File sourceFilename="~\Composite\styles\default\dialogs.css" targetFilename="~\Composite\styles\default\dialogs.css" allowOverwrite="true" />
      <File sourceFilename="~\Composite\styles\default\fields.css" targetFilename="~\Composite\styles\default\fields.css" allowOverwrite="true" />
      <File sourceFilename="~\Composite\styles\default\popups.css" targetFilename="~\Composite\styles\default\popups.css" allowOverwrite="true" />
      <File sourceFilename="~\Composite\styles\default\titlebars.css" targetFilename="~\Composite\styles\default\titlebars.css" allowOverwrite="true" />
      <File sourceFilename="~\Composite\styles\default\trees.css" targetFilename="~\Composite\styles\default\trees.css" allowOverwrite="true" />
      <File sourceFilename="~\Composite\transformations\defaultfilters\finalizefilter.xsl" targetFilename="~\Composite\transformations\defaultfilters\finalizefilter.xsl" allowOverwrite="true" />
    </Files></mi:Add>


    <mi:Add installerType="UpgradeFragmentInstallers.FileDeleterPackageFragmentInstaller, UpgradeFragmentInstallers" uninstallerType="UpgradeFragmentInstallers.FileDeleterPackageFragmentUninstaller, UpgradeFragmentInstallers"><RemoveFiles>
    </RemoveFiles></mi:Add>


    <mi:Add installerType="UpgradeFragmentInstallers.ZipFileMergerPackageFragmentInstaller, UpgradeFragmentInstallers" uninstallerType="UpgradeFragmentInstallers.ZipFileMergerPackageFragmentUnnstaller, UpgradeFragmentInstallers"><ZipFiles>
      <ZipFile sourceFilename="~\Composite\images\icons\StandardIcons.zip" targetFilename="~\Composite\images\icons\StandardIcons.zip" allowOverwrite="true" />
    </ZipFiles></mi:Add>


    <mi:Add installerType="Composite.Core.PackageSystem.PackageFragmentInstallers.FileXslTransformationPackageFragmentInstaller, Composite" uninstallerType="Composite.Core.PackageSystem.PackageFragmentInstallers.FileXslTransformationPackageFragmentUninstaller, Composite" />


    
		<!-- Patch Package Builder inserted fragment installers end -->
		
	</mi:PackageFragmentInstallers>
</mi:PackageInstaller>